algorithm,train_accuracy,test_accuracy,precision,recall,f1_score,auc
Decision Tree,1.0,0.9806666666666667,0.891156462585034,0.9097222222222222,0.9003436426116839,0.9489614060963619
Random Forest,1.0,0.9893333333333333,0.9705882352941176,0.9166666666666666,0.9428571428571428,0.9985173918387414
Gradient Boosting,0.9991428571428571,0.99,0.9574468085106383,0.9375,0.9473684210526315,0.9987913798754506
